{"DIVULGA\u00c7\u00c3O DA ATIVIDADE PARLAMENTAR.":3704636.7200000002,"MANUTEN\u00c7\u00c3O DE ESCRIT\u00d3RIO DE APOIO \u00c0 ATIVIDADE PARLAMENTAR":2666458.6000000001,"COMBUST\u00cdVEIS E LUBRIFICANTES.":1425579.1399999999,"LOCA\u00c7\u00c3O OU FRETAMENTO DE VE\u00cdCULOS AUTOMOTORES":1105231.6000000001,"PASSAGEM A\u00c9REA - SIGEPA":455485.45,"LOCA\u00c7\u00c3O OU FRETAMENTO DE AERONAVES":174898.8,"SERVI\u00c7O DE SEGURAN\u00c7A PRESTADO POR EMPRESA ESPECIALIZADA.":50741.06,"TELEFONIA":47629.02,"HOSPEDAGEM ,EXCETO DO PARLAMENTAR NO DISTRITO FEDERAL.":46728.19,"LOCA\u00c7\u00c3O OU FRETAMENTO DE EMBARCA\u00c7\u00d5ES":9900.0,"PASSAGEM A\u00c9REA - REEMBOLSO":6349.92,"SERVI\u00c7O DE T\u00c1XI, PED\u00c1GIO E ESTACIONAMENTO":5909.16,"FORNECIMENTO DE ALIMENTA\u00c7\u00c3O DO PARLAMENTAR":4528.81,"PASSAGEM A\u00c9REA - RPA":3251.87,"ASSINATURA DE PUBLICA\u00c7\u00d5ES":1089.8}